Name,Age
John Smith,25
Emma Johnson,16
Michael Brown,42
Sarah Davis,14
David Wilson,19
Lisa Anderson,17
Robert Taylor,31
Jennifer Martinez,13
Christopher Lee,28
Amanda White,15
James Harris,35
Michelle Clark,22
Daniel Lewis,11
Nicole Rodriguez,29
Kevin Hall,18
Rachel Young,26
Steven King,33
Ashley Wright,12
Matthew Green,24
Stephanie Baker,20
Joshua Adams,38
Nicole Nelson,16
Brandon Carter,27
Megan Mitchell,14
Andrew Perez,30
Lauren Roberts,21
Ryan Turner,36
Jessica Phillips,19
Tyler Campbell,23
Brittany Parker,17
Nathan Evans,32
Samantha Edwards,15
Derek Collins,40
Victoria Stewart,25
Corey Morris,18
Heather Rogers,29
Travis Reed,34
Monica Cook,16
Derek Morgan,28
Crystal Bell,22
Wesley Murphy,37
Tracy Bailey,13
Dennis Rivera,31
Stacy Cooper,24
Derrick Richardson,26
Misty Cox,19
Damon Ward,35
Misty Torres,17
Derek Peterson,29
Misty Gray,21
Damon James,33
Misty Watson,15
Damon Brooks,27
Misty Kelly,23
Damon Sanders,38
Misty Price,16
Damon Bennett,30
Misty Wood,20
Damon Barnes,25
Misty Ross,18
Damon Henderson,32
Misty Coleman,14
Damon Jenkins,36
Misty Perry,22
Damon Powell,28
Misty Long,19
Damon Patterson,34
Misty Hughes,17
Damon Flores,26
Misty Washington,21
Damon Butler,31
Misty Simmons,15
Damon Foster,29
Misty Gonzales,23
Damon Bryant,37
Misty Alexander,16
Damon Russell,33
Misty Griffin,20
Damon Diaz,27
Misty Hayes,18
